Username,Comment
its_me_abrar_500,Follow me â¤ï¸â™¥ï¸â¤ï¸â™¥ï¸â¤ï¸â™¥ï¸
islandready1,Slide 5 ğŸ–¤my fave
bibiandkim,ğŸ–¤ğŸ–¤ğŸ–¤
boss_babe_yedid_,Wow gorgeous ğŸ˜
themayfieldgroup,Those pants are everythingğŸ–¤
islandready1,Gorgeous ğŸ–¤âœ¨
teresajesusstyle,â¤ï¸â¤ï¸â¤ï¸
jirribar,Beautiful I love you Rachel â¤ï¸â¤ï¸â¤ï¸â¤ï¸
anastasiamidas,wow flawless!!! ğŸ˜
estefania_suarez_santamaria,SÃºper cool ğŸ”¥
mmiranda532,ğŸ˜
cazabat,Just one word .... beauty !!! ğŸ˜ğŸ¥°â¤ï¸
johnny.z.smyth,Ever so lovely ğŸ¤
brittdelano,Oh ok cutie
ochoday89,ğŸ–¤ğŸ–¤
vivadiwa,ğŸ”¥ğŸ”¥ğŸ”¥
otpusk2288,ğŸ–¤ğŸ’¥ğŸ–¤ğŸ’¥ğŸ–¤ğŸ’¥ğŸ–¤ğŸ’¥ğŸ–¤
bell_fashions,ğŸ‘ğŸ‘
chefbreatchristophe,La classe ğŸ’šğŸŒ¼ğŸ’š
music.city.usa,"Yup, I would be wanting a footie massage if I had to wear hi heels ğŸ˜‚"
jamiealvarado,@rocky_barnes obsessed
wink_pic,S Pretty ğŸ˜
mamabijoux,Always the best jewelry stacking ğŸ˜
dr_bridget,Stunningg ğŸ”¥
dtet754,ğŸ”¥ğŸ’¯ğŸ”¥ğŸ’¯ğŸ”¥ğŸ’¯ğŸ”¥ğŸ’¯
its_me_abrar_500,ğŸ”¥
almog300,I love your style ğŸ™Œâ¤ï¸
_michael_corleone_,ğŸ’£
natashagalkina,you look amazing ğŸ’“ğŸ’¥ğŸ” ğŸ’“ğŸ’¥ğŸ”
danielmirkin4,ğŸ”¥ğŸ˜
kelsey_white,ğŸ˜
its_me_abrar_500,ğŸ”¥
rube14i,@california.place ğŸ’°âƒ¤
its_me_abrar_500,ğŸ”¥
its_me_abrar_500,ğŸ”¥
its_me_abrar_500,ğŸ”¥
its_me_abrar_500,ğŸ”¥
its_me_abrar_500,ğŸ”¥
its_me_abrar_500,ğŸ”¥
its_me_abrar_500,ğŸ”¥
shopultrafine,Loving this! â¤ï¸â¤ï¸â¤ï¸
ro.luna.gp,hi
wcsjr58,Beautiful let's try nothing ğŸ˜ğŸ˜ğŸ˜ğŸ˜ğŸ˜ğŸ˜ğŸ”¥ğŸ”¥ğŸ”¥
markobedoya90,She's gorgeous â¤ï¸
doughenderson1340,MonTana X ft DjEago4ï¸âƒ£4ï¸âƒ£4ï¸âƒ£ğŸ‘ï¸ğŸ•·ï¸ğŸ’€â¤ï¸ğŸ˜ğŸ‡¨ğŸ‡¦DjEago XO CAPALOT Records Check me out on my YouTube channel at Montana X Universe
mikepeterson1962,Always Beautiful ğŸ”¥ğŸ”¥ğŸ”¥ğŸ”¥ğŸ”¥
xiseialraozpsulrdr,Prettiest feet ğŸ”¥ğŸ˜
mikeborb,ğŸ–¤ğŸ–¤ğŸ”¥ğŸ–¤ğŸ–¤ ğŸ˜
gladys.alvarenga.9,Divina ğŸ˜
weanjoe8319027114joewest,ğŸˆâ€â¬›ğŸ«µğŸ¿âš«ï¸ğŸ–¤ğŸŸ«ğŸ’£
drshamshadmanzoor,â¤ï¸â¤ï¸â¤ï¸â¤ï¸â¤ï¸â¤ï¸
bespoke_experiences,Love this Look
joewest7114,ğŸ©ğŸ–¤ğŸˆâ€â¬›ğŸ•¶ï¸ğŸ‘‘ğŸ¤ğŸŒºğŸ©·
josephwestjr,ğŸˆâ€â¬›ğŸ©ğŸ•¶ï¸ğŸ–¤ğŸ©¶ğŸ¤ğŸ§¡
moes_ibra,Why hiding your feet ??
